category,job_name,path,rescued_exceptions,any_raise
"no_rescue","CopayNotifications::Vet360IdNotFound::NewStatementNotificationJob","app/sidekiq/copay_notifications/new_statement_notification_job.rb","","false"
"no_rescue","CopayNotifications::ParseNewStatementsJob","app/sidekiq/copay_notifications/parse_new_statements_job.rb","","false"
"no_rescue","DeleteAttachmentJob","app/sidekiq/delete_attachment_job.rb","","false"
"no_rescue","DeleteInProgressFormJob","app/sidekiq/delete_in_progress_form_job.rb","","false"
"no_rescue","DeleteOldPiiLogsJob","app/sidekiq/delete_old_pii_logs_job.rb","","false"
"no_rescue","EducationForm::Create10203SpoolSubmissionsReport","app/sidekiq/education_form/create10203_spool_submissions_report.rb","","false"
"no_rescue","EducationForm::CreateDailyFiscalYearToDateReport","app/sidekiq/education_form/create_daily_fiscal_year_to_date_report.rb","","false"
"no_rescue","EducationForm::CreateDailyYearToDateReport","app/sidekiq/education_form/create_daily_year_to_date_report.rb","","false"
"no_rescue","EducationForm::CreateSpoolSubmissionsReport","app/sidekiq/education_form/create_spool_submissions_report.rb","","false"
"no_rescue","EducationForm::DeleteOldApplications","app/sidekiq/education_form/delete_old_applications.rb","","false"
"no_rescue","EVSS::DeleteOldClaims","app/sidekiq/evss/delete_old_claims.rb","","false"
"no_rescue","EVSS::DisabilityCompensationForm::Job","app/sidekiq/evss/disability_compensation_form/job.rb","","false"
"no_rescue","EVSS::DisabilityCompensationForm::SubmitForm526Cleanup","app/sidekiq/evss/disability_compensation_form/submit_form526_cleanup.rb","","false"
"no_rescue","EVSS::RequestDecision::EVSSClaim::RequestDecision","app/sidekiq/evss/request_decision.rb","","false"
"no_rescue","ExportBreakerStatus","app/sidekiq/export_breaker_status.rb","","false"
"no_rescue","ExternalServicesStatusJob","app/sidekiq/external_services_status_job.rb","","false"
"no_rescue","FeatureCleanerJob","app/sidekiq/feature_cleaner_job.rb","","false"
"no_rescue","Form1095::DeleteOld1095BsJob","app/sidekiq/form1095/delete_old1095_bs_job.rb","","false"
"no_rescue","HCA::LogEmailDiffJob","app/sidekiq/hca/log_email_diff_job.rb","","false"
"no_rescue","HCA::StdInstitutionImportJob","app/sidekiq/hca/std_institution_import_job.rb","","false"
"no_rescue","Identity::UserAcceptableVerifiedCredentialTotalsJob","app/sidekiq/identity/user_acceptable_verified_credential_totals_job.rb","","false"
"no_rescue","InProgressFormCleaner","app/sidekiq/in_progress_form_cleaner.rb","","false"
"no_rescue","KmsKeyRotation::BatchInitiatorJob","app/sidekiq/kms_key_rotation/batch_initiator_job.rb","","false"
"no_rescue","Lighthouse::BenefitsIntake::DeleteOldClaims","app/sidekiq/lighthouse/benefits_intake/delete_old_claims.rb","","false"
"no_rescue","Lighthouse::Form526ClaimPdfCheck","app/sidekiq/lighthouse/form526_claim_pdf_check.rb","","false"
"no_rescue","Lighthouse::PollForm526PdfError::PollForm526PdfStatus::PollForm526Pdf","app/sidekiq/lighthouse/poll_form526_pdf.rb","","false"
"no_rescue","LoadAverageDaysForClaimCompletionJob","app/sidekiq/load_average_days_for_claim_completion_job.rb","","false"
"no_rescue","ProcessFileJob","app/sidekiq/process_file_job.rb","","false"
"no_rescue","SchemaContract::DeleteValidationRecordsJob","app/sidekiq/schema_contract/delete_validation_records_job.rb","","false"
"no_rescue","SchemaContract::ValidationJob","app/sidekiq/schema_contract/validation_job.rb","","false"
"no_rescue","SignIn::CertificateCheckerJob","app/sidekiq/sign_in/certificate_checker_job.rb","","false"
"no_rescue","SignIn::DeleteExpiredSessionsJob","app/sidekiq/sign_in/delete_expired_sessions_job.rb","","false"
"no_rescue","TermsOfUse::SignUpServiceUpdaterJob","app/sidekiq/terms_of_use/sign_up_service_updater_job.rb","","false"
"no_rescue","TestUserDashboard::DailyMaintenance","app/sidekiq/test_user_dashboard/daily_maintenance.rb","","false"
"no_rescue","TransactionalEmailAnalyticsJob","app/sidekiq/transactional_email_analytics_job.rb","","false"
"no_rescue","UserActionsCleanupJob","app/sidekiq/user_actions_cleanup_job.rb","","false"
"no_rescue","AppealsApi::AddIcnUpdater","modules/appeals_api/app/sidekiq/appeals_api/add_icn_updater.rb","","false"
"no_rescue","AppealsApi::CleanUpPii","modules/appeals_api/app/sidekiq/appeals_api/clean_up_pii.rb","","false"
"no_rescue","AppealsApi::DailyErrorReport","modules/appeals_api/app/sidekiq/appeals_api/daily_error_report.rb","","false"
"no_rescue","AppealsApi::DailyStuckRecordsReport","modules/appeals_api/app/sidekiq/appeals_api/daily_stuck_records_report.rb","","false"
"no_rescue","AppealsApi::DecisionReviewReportDaily","modules/appeals_api/app/sidekiq/appeals_api/decision_review_report_daily.rb","","false"
"no_rescue","AppealsApi::DecisionReviewReportWeekly","modules/appeals_api/app/sidekiq/appeals_api/decision_review_report_weekly.rb","","false"
"no_rescue","AppealsApi::EvidenceSubmissionBackup","modules/appeals_api/app/sidekiq/appeals_api/evidence_submission_backup.rb","","false"
"no_rescue","AppealsApi::FlipperStatusAlert","modules/appeals_api/app/sidekiq/appeals_api/flipper_status_alert.rb","","false"
"no_rescue","AppealsApi::HigherLevelReviewUploadErrorStatusBatch","modules/appeals_api/app/sidekiq/appeals_api/higher_level_review_upload_error_status_batch.rb","","false"
"no_rescue","AppealsApi::HigherLevelReviewUploadStatusBatch","modules/appeals_api/app/sidekiq/appeals_api/higher_level_review_upload_status_batch.rb","","false"
"no_rescue","AppealsApi::HigherLevelReviewUploadStatusUpdater","modules/appeals_api/app/sidekiq/appeals_api/higher_level_review_upload_status_updater.rb","","false"
"no_rescue","AppealsApi::MonthlyStatsReport","modules/appeals_api/app/sidekiq/appeals_api/monthly_stats_report.rb","","false"
"no_rescue","AppealsApi::NoticeOfDisagreementUploadErrorStatusBatch","modules/appeals_api/app/sidekiq/appeals_api/notice_of_disagreement_upload_error_status_batch.rb","","false"
"no_rescue","AppealsApi::NoticeOfDisagreementUploadStatusBatch","modules/appeals_api/app/sidekiq/appeals_api/notice_of_disagreement_upload_status_batch.rb","","false"
"no_rescue","AppealsApi::NoticeOfDisagreementUploadStatusUpdater","modules/appeals_api/app/sidekiq/appeals_api/notice_of_disagreement_upload_status_updater.rb","","false"
"no_rescue","AppealsApi::StatusUpdatedJob","modules/appeals_api/app/sidekiq/appeals_api/status_updated_job.rb","","false"
"no_rescue","AppealsApi::SupplementalClaimUploadErrorStatusBatch","modules/appeals_api/app/sidekiq/appeals_api/supplemental_claim_upload_error_status_batch.rb","","false"
"no_rescue","AppealsApi::SupplementalClaimUploadStatusBatch","modules/appeals_api/app/sidekiq/appeals_api/supplemental_claim_upload_status_batch.rb","","false"
"no_rescue","AppealsApi::SupplementalClaimUploadStatusUpdater","modules/appeals_api/app/sidekiq/appeals_api/supplemental_claim_upload_status_updater.rb","","false"
"no_rescue","AppealsApi::WeeklyErrorReport","modules/appeals_api/app/sidekiq/appeals_api/weekly_error_report.rb","","false"
"no_rescue","ClaimsApi::EwsUpdater","modules/claims_api/app/sidekiq/claims_api/ews_updater.rb","","false"
"no_rescue","ClaimsApi::FindPoasJob","modules/claims_api/app/sidekiq/claims_api/find_poas_job.rb","","false"
"no_rescue","ClaimsApi::ReportHourlyUnsuccessfulSubmissions","modules/claims_api/app/sidekiq/claims_api/report_hourly_unsuccessful_submissions.rb","","false"
"no_rescue","ClaimsApi::ReportMonthlySubmissions","modules/claims_api/app/sidekiq/claims_api/report_monthly_submissions.rb","","false"
"no_rescue","ClaimsApi::ReportUnsuccessfulSubmissions","modules/claims_api/app/sidekiq/claims_api/report_unsuccessful_submissions.rb","","false"
"no_rescue","DebtsApi::V0::Form5655::VHA::VBSSubmissionJob::MissingUserAttributesError","modules/debts_api/app/sidekiq/debts_api/v0/form5655/vha/vbs_submission_job.rb","","false"
"no_rescue","Mobile::V0::WeeklyMaintenanceWindowLogger","modules/mobile/app/sidekiq/mobile/v0/weekly_maintenance_window_logger.rb","","false"
"no_rescue","RepresentationManagement::EnqueueGeocodingJob","modules/representation_management/app/sidekiq/representation_management/enqueue_geocoding_job.rb","","false"
"no_rescue","RepresentationManagement::EnqueueStaleGeocodingJob","modules/representation_management/app/sidekiq/representation_management/enqueue_stale_geocoding_job.rb","","false"
"no_rescue","VANotify::ClearStaleInProgressRemindersSent","modules/va_notify/app/sidekiq/va_notify/clear_stale_in_progress_reminders_sent.rb","","false"
"no_rescue","VANotify::InProgress1880Form","modules/va_notify/app/sidekiq/va_notify/in_progress_1880_form.rb","","false"
"no_rescue","VANotify::InProgressForms","modules/va_notify/app/sidekiq/va_notify/in_progress_forms.rb","","false"
"no_rescue","VANotify::OneTimeInProgressReminder","modules/va_notify/app/sidekiq/va_notify/one_time_in_progress_reminder.rb","","false"
"no_rescue","VBADocuments::FlipperStatusAlert","modules/vba_documents/app/sidekiq/vba_documents/flipper_status_alert.rb","","false"
"no_rescue","VBADocuments::ReportMonthlySubmissions","modules/vba_documents/app/sidekiq/vba_documents/report_monthly_submissions.rb","","false"
"no_rescue","VBADocuments::ReportUnsuccessfulSubmissions","modules/vba_documents/app/sidekiq/vba_documents/report_unsuccessful_submissions.rb","","false"
"no_rescue","VBADocuments::RunUnsuccessfulSubmissions","modules/vba_documents/app/sidekiq/vba_documents/run_unsuccessful_submissions.rb","","false"
"no_rescue","VBADocuments::UploadRemover","modules/vba_documents/app/sidekiq/vba_documents/upload_remover.rb","","false"
"no_rescue","VBADocuments::UploadStatusBatch","modules/vba_documents/app/sidekiq/vba_documents/upload_status_batch.rb","","false"
"no_rescue","VBADocuments::UploadStatusErrorBatch","modules/vba_documents/app/sidekiq/vba_documents/upload_status_error_batch.rb","","false"
"no_rescue","VBADocuments::UploadStatusUpdater","modules/vba_documents/app/sidekiq/vba_documents/upload_status_updater.rb","","false"
"rescue_no_raise","BioSubmissionStatusReportJob","app/sidekiq/bio_submission_status_report_job.rb","=> e | => e","false"
"rescue_no_raise","DeleteOldTransactionsJob","app/sidekiq/delete_old_transactions_job.rb","ActiveRecord::RecordNotDestroyed => e","false"
"rescue_no_raise","EducationForm::FormattingError::Create10203ApplicantDecisionLetters","app/sidekiq/education_form/create10203_applicant_decision_letters.rb","=> e","false"
"rescue_no_raise","EducationForm::FormattingError::DailySpoolFileError::CreateDailySpoolFiles","app/sidekiq/education_form/create_daily_spool_files.rb","=> e | => e | => e","false"
"rescue_no_raise","EducationForm::DeleteOldEducationBenefitsClaims","app/sidekiq/education_form/delete_old_education_benefits_claims.rb","=> e","false"
"rescue_no_raise","EducationForm::FormattingError::Process10203EVSSError::Process10203Submissions","app/sidekiq/education_form/process10203_submissions.rb","=> e","false"
"rescue_no_raise","EducationForm::SendSchoolCertifyingOfficialsEmail","app/sidekiq/education_form/send_school_certifying_officials_email.rb","Common::Exceptions::RecordNotFound","false"
"rescue_no_raise","EVSS::DisabilityCompensationForm::SubmitForm526","app/sidekiq/evss/disability_compensation_form/submit_form526.rb","=> e | => e | => e | => e | => e | => e | => e | Common::Exceptions::BackendServiceException, | EVSS::DisabilityCompensationForm::ServiceException => e | => e","false"
"rescue_no_raise","EVSS::DocumentUpload","app/sidekiq/evss/document_upload.rb","=> e | => e","false"
"rescue_no_raise","EVSS::FailureNotification","app/sidekiq/evss/failure_notification.rb","=> e","false"
"rescue_no_raise","Form0781StateSnapshotJob","app/sidekiq/form0781_state_snapshot_job.rb","=> e","false"
"rescue_no_raise","Form1095::New1095BsJob","app/sidekiq/form1095/new1095_bs_job.rb","=> e | => e","false"
"rescue_no_raise","Form526FailureStateSnapshotJob","app/sidekiq/form526_failure_state_snapshot_job.rb","=> e","false"
"rescue_no_raise","Form526NewConditionsStateSnapshotJob","app/sidekiq/form526_new_conditions_state_snapshot_job.rb","=> e","false"
"rescue_no_raise","Form526ParanoidSuccessPollingJob","app/sidekiq/form526_paranoid_success_polling_job.rb","=> e","false"
"rescue_no_raise","Form526StatusPollingJob","app/sidekiq/form526_status_polling_job.rb","=> e","false"
"rescue_no_raise","Form526SubmissionProcessingReportJob","app/sidekiq/form526_submission_processing_report_job.rb","=> e","false"
"rescue_no_raise","KmsKeyRotation::RotateKeysJob","app/sidekiq/kms_key_rotation/rotate_keys_job.rb","=> e","false"
"rescue_no_raise","Lighthouse::CreateIntentToFileJob::MissingICNError::MissingParticipantIDError::FormNotFoundError::InvalidITFTypeError","app/sidekiq/lighthouse/create_intent_to_file_job.rb","Common::Exceptions::ResourceNotFound | => e","false"
"rescue_no_raise","Lighthouse::EvidenceSubmissions::DeleteEvidenceSubmissionRecordsJob","app/sidekiq/lighthouse/evidence_submissions/delete_evidence_submission_records_job.rb","=> e","false"
"rescue_no_raise","Lighthouse::EvidenceSubmissions::DocumentUpload","app/sidekiq/lighthouse/evidence_submissions/document_upload.rb","=> e | => e","false"
"rescue_no_raise","Lighthouse::EvidenceSubmissions::EvidenceSubmissionDocumentUploadPollingJob","app/sidekiq/lighthouse/evidence_submissions/evidence_submission_document_upload_polling_job.rb","Faraday::ResourceNotFound => e","false"
"rescue_no_raise","Lighthouse::EvidenceSubmissions::FailureNotificationEmailJob","app/sidekiq/lighthouse/evidence_submissions/failure_notification_email_job.rb","=> e","false"
"rescue_no_raise","Lighthouse::FailureNotification","app/sidekiq/lighthouse/failure_notification.rb","=> e","false"
"rescue_no_raise","Lighthouse::Form526DocumentUploadPollingJob","app/sidekiq/lighthouse/form526_document_upload_polling_job.rb","=> e | Faraday::ResourceNotFound => e","false"
"rescue_no_raise","MHV::AccountCreatorJob","app/sidekiq/mhv/account_creator_job.rb","ActiveRecord::RecordNotFound","false"
"rescue_no_raise","MHV::PhrUpdateJob","app/sidekiq/mhv/phr_update_job.rb","=> e","false"
"rescue_no_raise","PagerDuty::CacheGlobalDowntime","app/sidekiq/pager_duty/cache_global_downtime.rb","Common::Exceptions::BackendServiceException, Common::Client::Errors::ClientError => e","false"
"rescue_no_raise","PagerDuty::PollMaintenanceWindows","app/sidekiq/pager_duty/poll_maintenance_windows.rb","Common::Exceptions::BackendServiceException, Common::Client::Errors::ClientError => e","false"
"rescue_no_raise","SimpleFormsApi::Notification::SendNotificationEmailJob","app/sidekiq/simple_forms_api/notification/send_notification_email_job.rb","=> e","false"
"rescue_no_raise","VANotifyDdEmailJob","app/sidekiq/va_notify_dd_email_job.rb","=> e","false"
"rescue_no_raise","AccreditedRepresentativePortal::DeleteOldSavedClaimsJob::ErrorHandler","modules/accredited_representative_portal/app/sidekiq/accredited_representative_portal/delete_old_saved_claims_job.rb","ActiveRecord::RecordNotDestroyed, ActiveRecord::ActiveRecordError => e | StandardError (implicit)","false"
"rescue_no_raise","AccreditedRepresentativePortal::ExpirePowerOfAttorneyRequestsJob","modules/accredited_representative_portal/app/sidekiq/accredited_representative_portal/expire_power_of_attorney_requests_job.rb","=> e","false"
"rescue_no_raise","AccreditedRepresentativePortal::PowerOfAttorneyFormSubmissionJob::PendingSubmissionError","modules/accredited_representative_portal/app/sidekiq/accredited_representative_portal/power_of_attorney_form_submission_job.rb","=> e","false"
"rescue_no_raise","AccreditedRepresentativePortal::PowerOfAttorneyRequestEmailJob","modules/accredited_representative_portal/app/sidekiq/accredited_representative_portal/power_of_attorney_request_email_job.rb","VANotify::Error => e","false"
"rescue_no_raise","AccreditedRepresentativePortal::RedactPowerOfAttorneyRequestsJob","modules/accredited_representative_portal/app/sidekiq/accredited_representative_portal/redact_power_of_attorney_requests_job.rb","=> e","false"
"rescue_no_raise","AccreditedRepresentativePortal::SetDeleteDateOnBenefitsIntakeRecordsJob::ErrorHandler","modules/accredited_representative_portal/app/sidekiq/accredited_representative_portal/set_delete_date_on_benefits_intake_records_job.rb","=> e | StandardError (implicit)","false"
"rescue_no_raise","AppealsApi::AppealReceivedJob","modules/appeals_api/app/sidekiq/appeals_api/appeal_received_job.rb","ActiveRecord::RecordNotFound | Date::Error","false"
"rescue_no_raise","Crm::FacilitiesDataJob","modules/ask_va_api/app/sidekiq/crm/facilities_data_job.rb","=> e","false"
"rescue_no_raise","Crm::OptionsetDataJob","modules/ask_va_api/app/sidekiq/crm/optionset_data_job.rb","=> e","false"
"rescue_no_raise","Crm::TopicsDataJob","modules/ask_va_api/app/sidekiq/crm/topics_data_job.rb","=> e","false"
"rescue_no_raise","CheckIn::TravelClaimStatusCheckJob","modules/check_in/app/sidekiq/check_in/travel_claim_status_check_job.rb","=> e","false"
"rescue_no_raise","CheckIn::TravelClaimSubmissionJob","modules/check_in/app/sidekiq/check_in/travel_claim_submission_job.rb","=> e","false"
"rescue_no_raise","ClaimsApi::FlashUpdater","modules/claims_api/app/sidekiq/claims_api/flash_updater.rb","BGS::ShareError, BGS::PublicError => e","false"
"rescue_no_raise","ClaimsApi::PoaAssignDependentClaimantJob","modules/claims_api/app/sidekiq/claims_api/poa_assign_dependent_claimant_job.rb","=> e","false"
"rescue_no_raise","ClaimsApi::PoaVBMSUpdater","modules/claims_api/app/sidekiq/claims_api/poa_vbms_updater.rb","BGS::ShareError => e","false"
"rescue_no_raise","ClaimsApi::SpecialIssueUpdater","modules/claims_api/app/sidekiq/claims_api/special_issue_updater.rb","BGS::ShareError, BGS::PublicError => e","false"
"rescue_no_raise","ClaimsApi::V2::PoaFormBuilderJob","modules/claims_api/app/sidekiq/claims_api/v2/poa_form_builder_job.rb","VBMS::Unknown | Errno::ENOENT","false"
"rescue_no_raise","ClaimsApi::VANotifyAcceptedJob","modules/claims_api/app/sidekiq/claims_api/va_notify_accepted_job.rb","=> e","false"
"rescue_no_raise","DecisionReviews::DeleteSavedClaimRecordsJob","modules/decision_reviews/app/sidekiq/decision_reviews/delete_saved_claim_records_job.rb","=> e","false"
"rescue_no_raise","DecisionReviews::DeleteSecondaryAppealFormsJob","modules/decision_reviews/app/sidekiq/decision_reviews/delete_secondary_appeal_forms_job.rb","=> e","false"
"rescue_no_raise","DecisionReviews::FailureNotificationEmailJob","modules/decision_reviews/app/sidekiq/decision_reviews/failure_notification_email_job.rb","=> e | => e | => e","false"
"rescue_no_raise","Mobile::V0::Vet360LinkingJob::MissingUserError","modules/mobile/app/sidekiq/mobile/v0/vet360_linking_job.rb","=> e","false"
"rescue_no_raise","PowerOfAttorneyRequests::SendExpirationReminderEmailJob","modules/representation_management/app/sidekiq/power_of_attorney_requests/send_expiration_reminder_email_job.rb","=> e","false"
"rescue_no_raise","PowerOfAttorneyRequests::SendExpiredEmailJob","modules/representation_management/app/sidekiq/power_of_attorney_requests/send_expired_email_job.rb","=> e","false"
"rescue_no_raise","RepresentationManagement::AccreditedIndividualsUpdate","modules/representation_management/app/sidekiq/representation_management/accredited_individuals_update.rb","=> e | => e | => e","false"
"rescue_no_raise","VANotify::EmailJob","modules/va_notify/app/sidekiq/va_notify/email_job.rb","VANotify::Error => e","false"
"rescue_no_raise","VANotify::InProgress1880FormReminder","modules/va_notify/app/sidekiq/va_notify/in_progress_1880_form_reminder.rb","VANotify::Veteran::MPINameError, VANotify::Veteran::MPIError","false"
"rescue_no_raise","VANotify::UserAccountJob","modules/va_notify/app/sidekiq/va_notify/user_account_job.rb","VANotify::Error => e","false"
"rescue_no_raise","Eps::AppointmentStatusEmailJob","modules/vaos/app/sidekiq/eps/appointment_status_email_job.rb","=> e | ArgumentError => e","false"
"rescue_no_raise","Eps::AppointmentStatusJob","modules/vaos/app/sidekiq/eps/appointment_status_job.rb","StandardError (implicit)","false"
"rescue_no_raise","VBADocuments::SlackInflightNotifier","modules/vba_documents/app/sidekiq/vba_documents/slack_inflight_notifier.rb","=> e","false"
"rescue_no_raise","VBADocuments::UploadProcessor","modules/vba_documents/app/sidekiq/vba_documents/upload_processor.rb","Common::Exceptions::GatewayTimeout => e | VBADocuments::UploadError => e | => e","false"
"rescue_no_raise","VBADocuments::UploadScanner","modules/vba_documents/app/sidekiq/vba_documents/upload_scanner.rb","=> e","false"
"rescue_no_raise","Organizations::QueueUpdates","modules/veteran/app/sidekiq/organizations/queue_updates.rb","=> e | => e | ActiveRecord::RecordNotFound => e","false"
"rescue_no_raise","Organizations::Update","modules/veteran/app/sidekiq/organizations/update.rb","=> e | Common::Exceptions::BackendServiceException => e | => e","false"
"rescue_no_raise","Organizations::UpdateNames","modules/veteran/app/sidekiq/organizations/update_names.rb","=> e","false"
"rescue_no_raise","Representatives::QueueUpdates","modules/veteran/app/sidekiq/representatives/queue_updates.rb","=> e | => e | ActiveRecord::RecordNotFound => e","false"
"rescue_partial_raise","BenefitsIntakeStatusJob","app/sidekiq/benefits_intake_status_job.rb","=> e | => e","true"
"rescue_partial_raise","BGS::FlashUpdater","app/sidekiq/bgs/flash_updater.rb","=> e | BGS::ShareError, BGS::PublicError => e","true"
"rescue_partial_raise","BGS::SubmitForm674V2Job::Invalid674Claim","app/sidekiq/bgs/submit_form674_v2_job.rb","=> e | => e | => e","true"
"rescue_partial_raise","BGS::SubmitForm686cV2Job::Invalid686cClaim","app/sidekiq/bgs/submit_form686c_v2_job.rb","=> e | => e | => e","true"
"rescue_partial_raise","CentralMail::SubmitForm4142Job::BenefitsIntake4142Error::CentralMailResponseError","app/sidekiq/central_mail/submit_form4142_job.rb","=> e | StandardError (implicit) | => e","true"
"rescue_partial_raise","EducationForm::DailyExcelFileError::CreateDailyExcelFiles","app/sidekiq/education_form/create_daily_excel_files.rb","=> e | => e | => e | => e | => e","true"
"rescue_partial_raise","EventBusGateway::LetterReadyNotificationJob","app/sidekiq/event_bus_gateway/letter_ready_notification_job.rb","=> e | => e | => e","true"
"rescue_partial_raise","EVSS::DisabilityCompensationForm::Form0781DocumentUploadFailureEmail","app/sidekiq/evss/disability_compensation_form/form0781_document_upload_failure_email.rb","=> e | StandardError (implicit) | => e","true"
"rescue_partial_raise","EVSS::DisabilityCompensationForm::Form4142DocumentUploadFailureEmail","app/sidekiq/evss/disability_compensation_form/form4142_document_upload_failure_email.rb","=> e | StandardError (implicit) | => e","true"
"rescue_partial_raise","EVSS::DisabilityCompensationForm::Form526DocumentUploadFailureEmail","app/sidekiq/evss/disability_compensation_form/form526_document_upload_failure_email.rb","=> e | StandardError (implicit) | => e","true"
"rescue_partial_raise","EVSS::DisabilityCompensationForm::SubmitForm0781","app/sidekiq/evss/disability_compensation_form/submit_form0781.rb","=> e | StandardError (implicit) | => e","true"
"rescue_partial_raise","EVSS::DisabilityCompensationForm::SubmitUploads","app/sidekiq/evss/disability_compensation_form/submit_uploads.rb","=> e | StandardError (implicit) | => e","true"
"rescue_partial_raise","Form1010cg::SubmissionJob::<<","app/sidekiq/form1010cg/submission_job.rb","=> e | CARMA::Client::MuleSoftClient::RecordParseError | => e","true"
"rescue_partial_raise","FormPdfChangeDetectionJob","app/sidekiq/form_pdf_change_detection_job.rb","=> e | => e","true"
"rescue_partial_raise","HCA::EzrSubmissionJob","app/sidekiq/hca/ezr_submission_job.rb","VALIDATION_ERROR => e | Ox::ParseError => e | StandardError (implicit)","true"
"rescue_partial_raise","HCA::SubmissionJob","app/sidekiq/hca/submission_job.rb","VALIDATION_ERROR | StandardError (implicit)","true"
"rescue_partial_raise","Lighthouse::BenefitsIntake::SubmitCentralForm686cJob::BenefitsIntakeResponseError","app/sidekiq/lighthouse/benefits_intake/submit_central_form686c_job.rb","=> e | => e","true"
"rescue_partial_raise","Lighthouse::BenefitsIntake::SubmitCentralForm686cV2Job::BenefitsIntakeResponseError","app/sidekiq/lighthouse/benefits_intake/submit_central_form686c_v2_job.rb","=> e | => e","true"
"rescue_partial_raise","Lighthouse::SubmitBenefitsIntakeClaim::BenefitsIntakeClaimError","app/sidekiq/lighthouse/submit_benefits_intake_claim.rb","=> e | => e | => e | => e","true"
"rescue_partial_raise","Lighthouse::SubmitCareerCounselingJob","app/sidekiq/lighthouse/submit_career_counseling_job.rb","StandardError (implicit) | => e","true"
"rescue_partial_raise","SimpleFormsApi::FormRemediation::UploadRetryJob","app/sidekiq/simple_forms_api/form_remediation/upload_retry_job.rb","Aws::S3::Errors::ServiceError | Aws::S3::Errors::ServiceError","true"
"rescue_partial_raise","AccreditedRepresentativePortal::SendPoaRequestToCorpDbJob","modules/accredited_representative_portal/app/sidekiq/accredited_representative_portal/send_poa_request_to_corp_db_job.rb","ActiveRecord::RecordNotFound => e | Faraday::ClientError, Faraday::ServerError => e | => e","true"
"rescue_partial_raise","AppealsApi::PdfSubmitJob","modules/appeals_api/app/sidekiq/appeals_api/pdf_submit_job.rb","AppealsApi::UploadError => e | => e","true"
"rescue_partial_raise","Banners::UpdateAllJob","modules/banners/app/sidekiq/banners/update_all_job.rb","=> e | Banners::Updater::BannerDataFetchError => e","true"
"rescue_partial_raise","CheckIn::TravelClaimNotificationJob","modules/check_in/app/sidekiq/check_in/travel_claim_notification_job.rb","=> e | StandardError (implicit)","true"
"rescue_partial_raise","ClaimsApi::ClaimEstablisher","modules/claims_api/app/sidekiq/claims_api/claim_establisher.rb","Faraday::ParsingError, Faraday::TimeoutError => e | ::ClaimsApi::Common::Exceptions::Lighthouse::BackendServiceException, | => e | NoMethodError","true"
"rescue_partial_raise","ClaimsApi::ClaimUploader","modules/claims_api/app/sidekiq/claims_api/claim_uploader.rb","Faraday::ParsingError, Faraday::TimeoutError => e | ::Common::Exceptions::BackendServiceException => e | => e","true"
"rescue_partial_raise","ClaimsApi::PoaVBMSUploadJob","modules/claims_api/app/sidekiq/claims_api/poa_vbms_upload_job.rb","VBMS::Unknown | Errno::ENOENT | VBMS::FilenumberDoesNotExist | => e","true"
"rescue_partial_raise","ClaimsApi::V1::PoaFormBuilderJob","modules/claims_api/app/sidekiq/claims_api/v1/poa_form_builder_job.rb","VBMS::Unknown | Errno::ENOENT | ClaimsApi::StampSignatureError => e | => e","true"
"rescue_partial_raise","DecisionReviews::Form4142Submit","modules/decision_reviews/app/sidekiq/decision_reviews/form4142_submit.rb","=> e | => e","true"
"rescue_partial_raise","DecisionReviews::SavedClaimStatusUpdaterJob","modules/decision_reviews/app/sidekiq/decision_reviews/saved_claim_status_updater_job.rb","=> e | => e | DecisionReviews::V1::ServiceException => e | DecisionReviews::V1::ServiceException => e | JSON::ParserError => e","true"
"rescue_partial_raise","DecisionReviews::SubmitUpload","modules/decision_reviews/app/sidekiq/decision_reviews/submit_upload.rb","=> e | => e | => e","true"
"rescue_partial_raise","DecisionReviews::UploadNotificationPdfsJob","modules/decision_reviews/app/sidekiq/decision_reviews/upload_notification_pdfs_job.rb","=> e | Date::Error => e | => e","true"
"rescue_partial_raise","RepresentationManagement::AccreditedEntitiesQueueUpdates","modules/representation_management/app/sidekiq/representation_management/accredited_entities_queue_updates.rb","=> e | => e | => e | => e | => e | => e | => e | => e | => e | => e | => e | => e | => e","true"
"rescue_partial_raise","RepresentationManagement::GeocodeRepresentativeJob","modules/representation_management/app/sidekiq/representation_management/geocode_representative_job.rb","ActiveRecord::RecordNotFound => e | => e","true"
"rescue_partial_raise","RepresentationManagement::VSOReloader","modules/representation_management/app/sidekiq/representation_management/vso_reloader.rb","Faraday::ConnectionFailed => e | Common::Client::Errors::ClientError, Common::Exceptions::GatewayTimeout => e | => e | => e","true"
"rescue_partial_raise","VANotify::V2::QueueEmailJob","modules/va_notify/app/sidekiq/va_notify/v2/queue_email_job.rb","VANotify::Error => e | => e | Sidekiq::AttrPackageError => e","true"
"rescue_partial_raise","VANotify::V2::QueueUserAccountJob","modules/va_notify/app/sidekiq/va_notify/v2/queue_user_account_job.rb","VANotify::Error => e | => e | Redis::BaseError, Sidekiq::AttrPackageError => e | Sidekiq::AttrPackageError => e","true"
"rescue_partial_raise","Representatives::Update","modules/veteran/app/sidekiq/representatives/update.rb","=> e | => e | => e | => e | Common::Exceptions::BackendServiceException => e | Common::Exceptions::BackendServiceException => e","true"
"rescue_partial_raise","Veteran::VSOReloader","modules/veteran/app/sidekiq/veteran/vso_reloader.rb","Faraday::ConnectionFailed => e | Common::Client::Errors::ClientError, Common::Exceptions::GatewayTimeout => e | => e | => e","true"
"rescue_all_raise","BenefitsIntakeRemediationStatusJob","app/sidekiq/benefits_intake_remediation_status_job.rb","=> e","true"
"rescue_all_raise","Console1984LogUploadJob","app/sidekiq/console1984_log_upload_job.rb","Aws::S3::Errors::ServiceError => e","true"
"rescue_all_raise","Dependents::Form686c674FailureEmailJob","app/sidekiq/dependents/form_686c_674_failure_email_job.rb","=> e","true"
"rescue_all_raise","EmailVerificationJob","app/sidekiq/email_verification_job.rb","ArgumentError => e | Sidekiq::AttrPackageError => e | => e","true"
"rescue_all_raise","EventBusGateway::LetterReadyEmailJob","app/sidekiq/event_bus_gateway/letter_ready_email_job.rb","Sidekiq::AttrPackageError => e | => e","true"
"rescue_all_raise","EventBusGateway::LetterReadyPushJob","app/sidekiq/event_bus_gateway/letter_ready_push_job.rb","Sidekiq::AttrPackageError => e | => e","true"
"rescue_all_raise","EventBusGateway::LetterReadyRetryEmailJob::EventBusGatewayNotificationNotFoundError","app/sidekiq/event_bus_gateway/letter_ready_retry_email_job.rb","=> e","true"
"rescue_all_raise","EventBusGateway::LetterReadySmsJob","app/sidekiq/event_bus_gateway/letter_ready_sms_job.rb","Sidekiq::AttrPackageError => e | => e","true"
"rescue_all_raise","EVSS::DisabilityCompensationForm::SubmitForm8940","app/sidekiq/evss/disability_compensation_form/submit_form8940.rb","=> e | => e","true"
"rescue_all_raise","EVSS::DisabilityCompensationForm::UploadBddInstructions","app/sidekiq/evss/disability_compensation_form/upload_bdd_instructions.rb","=> e | => e","true"
"rescue_all_raise","Form526ConfirmationEmailJob","app/sidekiq/form526_confirmation_email_job.rb","=> e","true"
"rescue_all_raise","Form526SubmissionFailedEmailJob","app/sidekiq/form526_submission_failed_email_job.rb","=> e","true"
"rescue_all_raise","Form526SubmissionFailureEmailJob","app/sidekiq/form526_submission_failure_email_job.rb","=> e | => e","true"
"rescue_all_raise","Form526SubmittedEmailJob","app/sidekiq/form526_submitted_email_job.rb","=> e","true"
"rescue_all_raise","GIBillFeedbackSubmissionJob","app/sidekiq/gi_bill_feedback_submission_job.rb","StandardError (implicit)","true"
"rescue_all_raise","HCA::HealthFacilitiesImportJob","app/sidekiq/hca/health_facilities_import_job.rb","=> e","true"
"rescue_all_raise","Identity::CernerProvisionerJob","app/sidekiq/identity/cerner_provisioner_job.rb","Errors::CernerProvisionerError => e","true"
"rescue_all_raise","Identity::GetSSOeTraitsByCspidJob","app/sidekiq/identity/get_ssoe_traits_by_cspid_job.rb","SSOe::Errors::Error => e | Sidekiq::AttrPackageError => e","true"
"rescue_all_raise","IncomeLimits::GmtThresholdsImport","app/sidekiq/income_limits/gmt_thresholds_import.rb","=> e","true"
"rescue_all_raise","IncomeLimits::StdCountyImport","app/sidekiq/income_limits/std_county_import.rb","=> e","true"
"rescue_all_raise","IncomeLimits::StdIncomeThresholdImport","app/sidekiq/income_limits/std_income_threshold_import.rb","=> e","true"
"rescue_all_raise","IncomeLimits::StdStateImport","app/sidekiq/income_limits/std_state_import.rb","=> e","true"
"rescue_all_raise","IncomeLimits::StdZipcodeImport","app/sidekiq/income_limits/std_zipcode_import.rb","=> e","true"
"rescue_all_raise","Lighthouse::BenefitsDiscovery::LogEligibleBenefitsJob","app/sidekiq/lighthouse/benefits_discovery/log_eligible_benefits_job.rb","=> e","true"
"rescue_all_raise","MHV::UniqueUserMetricsProcessorJob","app/sidekiq/mhv/unique_user_metrics_processor_job.rb","=> e","true"
"rescue_all_raise","UnifiedHealthData::FacilityNameCacheJob","app/sidekiq/unified_health_data/facility_name_cache_job.rb","=> e","true"
"rescue_all_raise","UnifiedHealthData::LabsRefreshJob","app/sidekiq/unified_health_data/labs_refresh_job.rb","=> e","true"
"rescue_all_raise","VANotifyEmailJob","app/sidekiq/va_notify_email_job.rb","VANotify::Error => e","true"
"rescue_all_raise","VREVBMSDocumentUploadJob","app/sidekiq/vre_vbms_document_upload_job.rb","=> e","true"
"rescue_all_raise","VREVBMSDocumentUploadLogJob","app/sidekiq/vre_vbms_document_upload_log_job.rb","=> e","true"
"rescue_all_raise","ClaimsApi::DisabilityCompensationBenefitsDocumentsUploader","modules/claims_api/app/sidekiq/claims_api/disability_compensation_benefits_documents_uploader.rb","=> e","true"
"rescue_all_raise","ClaimsApi::EvidenceWaiverBuilderJob","modules/claims_api/app/sidekiq/claims_api/evidence_waiver_builder_job.rb","=> e","true"
"rescue_all_raise","ClaimsApi::PoaUpdater","modules/claims_api/app/sidekiq/claims_api/poa_updater.rb","::Common::Exceptions::ResourceNotFound, ::Common::Exceptions::ServiceError, | => e","true"
"rescue_all_raise","ClaimsApi::V1::DisabilityCompensationPdfGenerator","modules/claims_api/app/sidekiq/claims_api/v1/disability_compensation_pdf_generator.rb","Faraday::ParsingError, Faraday::TimeoutError => e | ::Common::Exceptions::BackendServiceException => e | => e","true"
"rescue_all_raise","ClaimsApi::V1::Form526EstablishmentUpload","modules/claims_api/app/sidekiq/claims_api/v1/form526_establishment_upload.rb","Faraday::ParsingError, Faraday::TimeoutError => e | ::Common::Exceptions::BackendServiceException => e | => e","true"
"rescue_all_raise","ClaimsApi::VANotifyDeclinedJob","modules/claims_api/app/sidekiq/claims_api/va_notify_declined_job.rb","=> e","true"
"rescue_all_raise","ClaimsApi::VANotifyFollowUpJob","modules/claims_api/app/sidekiq/claims_api/va_notify_follow_up_job.rb","=> e","true"
"rescue_all_raise","DebtsApi::V0::DigitalDisputeJob","modules/debts_api/app/sidekiq/debts_api/v0/digital_dispute_job.rb","=> e","true"
"rescue_all_raise","DebtsApi::V0::Form5655::SendConfirmationEmailJob","modules/debts_api/app/sidekiq/debts_api/v0/form5655/send_confirmation_email_job.rb","Sidekiq::AttrPackageError => e | => e","true"
"rescue_all_raise","DebtsApi::V0::Form5655::VBASubmissionJob::MissingUserAttributesError","modules/debts_api/app/sidekiq/debts_api/v0/form5655/vba_submission_job.rb","=> e","true"
"rescue_all_raise","DebtsApi::V0::Form5655::VHA::SharepointSubmissionJob","modules/debts_api/app/sidekiq/debts_api/v0/form5655/vha/sharepoint_submission_job.rb","=> e","true"
"rescue_all_raise","VANotify::DeliveryStatusUpdateJob::NotificationNotFound","modules/va_notify/app/sidekiq/va_notify/delivery_status_update_job.rb","Sidekiq::AttrPackageError => e","true"
"rescue_all_raise","VBADocuments::SlackStatusNotifier","modules/vba_documents/app/sidekiq/vba_documents/slack_status_notifier.rb","=> e | => e","true"
